claim_id,experiment_id,run_id,metric,condition,variant,comparator,mean,ci_low,ci_high,effect_size,seed_count,interpretation,caveat,source_paths
C1-C4,Exp13.1,exp13_1_full_20260506_214756,composition_accuracy,Full model,exp13_1_full_model,,1.0,1.0,1.0,,,Core ablation summary used for Figure 2.,Internal symbolic ablation; normal-approximate CI from aggregate std/count; lesion diagnostics are not used.,experiments/experiment13_1_publication_hardening/analysis/exp13_1_full_20260506_214756/exp13_1_ablation_metrics.csv
C1-C4,Exp13.1,exp13_1_full_20260506_214756,route_table_accuracy,Full model,exp13_1_full_model,,1.0,1.0,1.0,,,Core ablation summary used for Figure 2.,Internal symbolic ablation; normal-approximate CI from aggregate std/count; lesion diagnostics are not used.,experiments/experiment13_1_publication_hardening/analysis/exp13_1_full_20260506_214756/exp13_1_ablation_metrics.csv
C1-C4,Exp13.1,exp13_1_full_20260506_214756,composition_accuracy,No context binding,exp13_1_no_context_binding,,0.046730324074074,0.043272399533259384,0.05018824861488862,,,Core ablation summary used for Figure 2.,Internal symbolic ablation; normal-approximate CI from aggregate std/count; lesion diagnostics are not used.,experiments/experiment13_1_publication_hardening/analysis/exp13_1_full_20260506_214756/exp13_1_ablation_metrics.csv
C1-C4,Exp13.1,exp13_1_full_20260506_214756,route_table_accuracy,No context binding,exp13_1_no_context_binding,,0.363671875,0.362167855528621,0.36517589447137894,,,Core ablation summary used for Figure 2.,Internal symbolic ablation; normal-approximate CI from aggregate std/count; lesion diagnostics are not used.,experiments/experiment13_1_publication_hardening/analysis/exp13_1_full_20260506_214756/exp13_1_ablation_metrics.csv
C1-C4,Exp13.1,exp13_1_full_20260506_214756,composition_accuracy,No recurrence at eval,exp13_1_no_recurrence_at_eval,,0.0401331018518518,0.03823820266658373,0.04202800103711987,,,Core ablation summary used for Figure 2.,Internal symbolic ablation; normal-approximate CI from aggregate std/count; lesion diagnostics are not used.,experiments/experiment13_1_publication_hardening/analysis/exp13_1_full_20260506_214756/exp13_1_ablation_metrics.csv
C1-C4,Exp13.1,exp13_1_full_20260506_214756,route_table_accuracy,No recurrence at eval,exp13_1_no_recurrence_at_eval,,1.0,1.0,1.0,,,Core ablation summary used for Figure 2.,Internal symbolic ablation; normal-approximate CI from aggregate std/count; lesion diagnostics are not used.,experiments/experiment13_1_publication_hardening/analysis/exp13_1_full_20260506_214756/exp13_1_ablation_metrics.csv
C1-C4,Exp13.1,exp13_1_full_20260506_214756,composition_accuracy,No structural plasticity,exp13_1_no_structural_plasticity,,0.0316840277777777,0.029802396725590846,0.033565658829964554,,,Core ablation summary used for Figure 2.,Internal symbolic ablation; normal-approximate CI from aggregate std/count; lesion diagnostics are not used.,experiments/experiment13_1_publication_hardening/analysis/exp13_1_full_20260506_214756/exp13_1_ablation_metrics.csv
C1-C4,Exp13.1,exp13_1_full_20260506_214756,route_table_accuracy,No structural plasticity,exp13_1_no_structural_plasticity,,0.0286241319444444,0.02670450573075494,0.030543758158133864,,,Core ablation summary used for Figure 2.,Internal symbolic ablation; normal-approximate CI from aggregate std/count; lesion diagnostics are not used.,experiments/experiment13_1_publication_hardening/analysis/exp13_1_full_20260506_214756/exp13_1_ablation_metrics.csv
C5,Exp12,exp12,composition_accuracy,clean supplied context,exp12_full_context_separated_memory,,1.0,1.0,1.0,,,Clean supplied-context route-length-12 capacity slice used for Figure 3.,Ceiling-limited clean supplied-context scaling; no fitted capacity law is claimed.,experiments/experiment12_capacity_generalization/analysis/exp12/capacity_final_summary.csv
C5,Exp12,exp12,route_table_accuracy,clean supplied context,exp12_full_context_separated_memory,,1.0,1.0,1.0,,,Clean supplied-context route-length-12 capacity slice used for Figure 3.,Ceiling-limited clean supplied-context scaling; no fitted capacity law is claimed.,experiments/experiment12_capacity_generalization/analysis/exp12/capacity_final_summary.csv
C5,Exp12,exp12,composition_accuracy,clean supplied context,exp12_full_context_separated_memory,,1.0,1.0,1.0,,,Clean supplied-context route-length-12 capacity slice used for Figure 3.,Ceiling-limited clean supplied-context scaling; no fitted capacity law is claimed.,experiments/experiment12_capacity_generalization/analysis/exp12/capacity_final_summary.csv
C5,Exp12,exp12,route_table_accuracy,clean supplied context,exp12_full_context_separated_memory,,1.0,1.0,1.0,,,Clean supplied-context route-length-12 capacity slice used for Figure 3.,Ceiling-limited clean supplied-context scaling; no fitted capacity law is claimed.,experiments/experiment12_capacity_generalization/analysis/exp12/capacity_final_summary.csv
C5,Exp12,exp12,composition_accuracy,clean supplied context,exp12_full_context_separated_memory,,1.0,1.0,1.0,,,Clean supplied-context route-length-12 capacity slice used for Figure 3.,Ceiling-limited clean supplied-context scaling; no fitted capacity law is claimed.,experiments/experiment12_capacity_generalization/analysis/exp12/capacity_final_summary.csv
C5,Exp12,exp12,route_table_accuracy,clean supplied context,exp12_full_context_separated_memory,,1.0,1.0,1.0,,,Clean supplied-context route-length-12 capacity slice used for Figure 3.,Ceiling-limited clean supplied-context scaling; no fitted capacity law is claimed.,experiments/experiment12_capacity_generalization/analysis/exp12/capacity_final_summary.csv
C5,Exp12,exp12,composition_accuracy,clean supplied context,exp12_full_context_separated_memory,,1.0,1.0,1.0,,,Clean supplied-context route-length-12 capacity slice used for Figure 3.,Ceiling-limited clean supplied-context scaling; no fitted capacity law is claimed.,experiments/experiment12_capacity_generalization/analysis/exp12/capacity_final_summary.csv
C5,Exp12,exp12,route_table_accuracy,clean supplied context,exp12_full_context_separated_memory,,1.0,1.0,1.0,,,Clean supplied-context route-length-12 capacity slice used for Figure 3.,Ceiling-limited clean supplied-context scaling; no fitted capacity law is claimed.,experiments/experiment12_capacity_generalization/analysis/exp12/capacity_final_summary.csv
C5,Exp12,exp12,composition_accuracy,clean supplied context,exp12_full_context_separated_memory,,1.0,1.0,1.0,,,Clean supplied-context route-length-12 capacity slice used for Figure 3.,Ceiling-limited clean supplied-context scaling; no fitted capacity law is claimed.,experiments/experiment12_capacity_generalization/analysis/exp12/capacity_final_summary.csv
C5,Exp12,exp12,route_table_accuracy,clean supplied context,exp12_full_context_separated_memory,,1.0,1.0,1.0,,,Clean supplied-context route-length-12 capacity slice used for Figure 3.,Ceiling-limited clean supplied-context scaling; no fitted capacity law is claimed.,experiments/experiment12_capacity_generalization/analysis/exp12/capacity_final_summary.csv
C6-C7,Exp13,analysis,composition_accuracy,Global budget,exp13_full_context_separated_memory,,0.2755208333333333,0.27268468899017256,0.2783569776764941,,,Finite structural budget and local/global pressure slice used for Figure 4.,Observed finite-budget degradation only; capacity-law fitting and paired seed-level local/global inference are not claimed.,experiments/experiment13_breaking_point/analysis/capacity_pressure_summary.csv
C6-C7,Exp13,analysis,composition_accuracy,Global budget,exp13_full_context_separated_memory,,0.5173177083333333,0.5152365473565503,0.5193988693101164,,,Finite structural budget and local/global pressure slice used for Figure 4.,Observed finite-budget degradation only; capacity-law fitting and paired seed-level local/global inference are not claimed.,experiments/experiment13_breaking_point/analysis/capacity_pressure_summary.csv
C6-C7,Exp13,analysis,composition_accuracy,Global budget,exp13_full_context_separated_memory,,0.7579427083333334,0.7556106570905148,0.7602747595761521,,,Finite structural budget and local/global pressure slice used for Figure 4.,Observed finite-budget degradation only; capacity-law fitting and paired seed-level local/global inference are not claimed.,experiments/experiment13_breaking_point/analysis/capacity_pressure_summary.csv
C6-C7,Exp13,analysis,composition_accuracy,Global budget,exp13_full_context_separated_memory,,1.0,1.0,1.0,,,Finite structural budget and local/global pressure slice used for Figure 4.,Observed finite-budget degradation only; capacity-law fitting and paired seed-level local/global inference are not claimed.,experiments/experiment13_breaking_point/analysis/capacity_pressure_summary.csv
C6-C7,Exp13,analysis,composition_accuracy,Global budget,exp13_full_context_separated_memory,,1.0,1.0,1.0,,,Finite structural budget and local/global pressure slice used for Figure 4.,Observed finite-budget degradation only; capacity-law fitting and paired seed-level local/global inference are not claimed.,experiments/experiment13_breaking_point/analysis/capacity_pressure_summary.csv
C6-C7,Exp13,analysis,composition_accuracy,Local per-world budget,exp13_full_context_separated_memory,,0.0416666666666666,0.03600299630188836,0.04733033703144485,,,Finite structural budget and local/global pressure slice used for Figure 4.,Observed finite-budget degradation only; capacity-law fitting and paired seed-level local/global inference are not claimed.,experiments/experiment13_breaking_point/analysis/local_capacity_pressure_summary.csv
C6-C7,Exp13,analysis,composition_accuracy,Local per-world budget,exp13_full_context_separated_memory,,0.0596354166666666,0.0533244907507809,0.0659463425825523,,,Finite structural budget and local/global pressure slice used for Figure 4.,Observed finite-budget degradation only; capacity-law fitting and paired seed-level local/global inference are not claimed.,experiments/experiment13_breaking_point/analysis/local_capacity_pressure_summary.csv
C6-C7,Exp13,analysis,composition_accuracy,Local per-world budget,exp13_full_context_separated_memory,,0.137890625,0.11802203749826162,0.15775921250173836,,,Finite structural budget and local/global pressure slice used for Figure 4.,Observed finite-budget degradation only; capacity-law fitting and paired seed-level local/global inference are not claimed.,experiments/experiment13_breaking_point/analysis/local_capacity_pressure_summary.csv
C6-C7,Exp13,analysis,composition_accuracy,Local per-world budget,exp13_full_context_separated_memory,,1.0,1.0,1.0,,,Finite structural budget and local/global pressure slice used for Figure 4.,Observed finite-budget degradation only; capacity-law fitting and paired seed-level local/global inference are not claimed.,experiments/experiment13_breaking_point/analysis/local_capacity_pressure_summary.csv
C13,Exp14,exp14_full_20260507_210712,world_selection_accuracy_seen_route,symbolic transition-cue selection,baseline_oracle_context_gated_table,,1.0,1.0,1.0,,,Symbolic transition-cue context-selection slice used for Figure 5.,Symbolic transition-cue context selection only; oracle context-gated lookup remains an upper bound; shared no-context suffix metrics can be misleading when suffix probes bypass first-step context conflict.,experiments/experiment14_latent_context_inference/analysis/exp14_full_20260507_210712/exp14_summary.csv
C13,Exp14,exp14_full_20260507_210712,composition_accuracy_seen_route,symbolic transition-cue selection,baseline_oracle_context_gated_table,,1.0,1.0,1.0,,,Symbolic transition-cue context-selection slice used for Figure 5.,Symbolic transition-cue context selection only; oracle context-gated lookup remains an upper bound; shared no-context suffix metrics can be misleading when suffix probes bypass first-step context conflict.,experiments/experiment14_latent_context_inference/analysis/exp14_full_20260507_210712/exp14_summary.csv
C13,Exp14,exp14_full_20260507_210712,world_selection_accuracy_seen_route,symbolic transition-cue selection,baseline_oracle_context_gated_table,,1.0,1.0,1.0,,,Symbolic transition-cue context-selection slice used for Figure 5.,Symbolic transition-cue context selection only; oracle context-gated lookup remains an upper bound; shared no-context suffix metrics can be misleading when suffix probes bypass first-step context conflict.,experiments/experiment14_latent_context_inference/analysis/exp14_full_20260507_210712/exp14_summary.csv
C13,Exp14,exp14_full_20260507_210712,composition_accuracy_seen_route,symbolic transition-cue selection,baseline_oracle_context_gated_table,,1.0,1.0,1.0,,,Symbolic transition-cue context-selection slice used for Figure 5.,Symbolic transition-cue context selection only; oracle context-gated lookup remains an upper bound; shared no-context suffix metrics can be misleading when suffix probes bypass first-step context conflict.,experiments/experiment14_latent_context_inference/analysis/exp14_full_20260507_210712/exp14_summary.csv
C13,Exp14,exp14_full_20260507_210712,world_selection_accuracy_seen_route,symbolic transition-cue selection,baseline_oracle_context_gated_table,,1.0,1.0,1.0,,,Symbolic transition-cue context-selection slice used for Figure 5.,Symbolic transition-cue context selection only; oracle context-gated lookup remains an upper bound; shared no-context suffix metrics can be misleading when suffix probes bypass first-step context conflict.,experiments/experiment14_latent_context_inference/analysis/exp14_full_20260507_210712/exp14_summary.csv
C13,Exp14,exp14_full_20260507_210712,composition_accuracy_seen_route,symbolic transition-cue selection,baseline_oracle_context_gated_table,,1.0,1.0,1.0,,,Symbolic transition-cue context-selection slice used for Figure 5.,Symbolic transition-cue context selection only; oracle context-gated lookup remains an upper bound; shared no-context suffix metrics can be misleading when suffix probes bypass first-step context conflict.,experiments/experiment14_latent_context_inference/analysis/exp14_full_20260507_210712/exp14_summary.csv
C13,Exp14,exp14_full_20260507_210712,world_selection_accuracy_seen_route,symbolic transition-cue selection,baseline_oracle_context_gated_table,,1.0,1.0,1.0,,,Symbolic transition-cue context-selection slice used for Figure 5.,Symbolic transition-cue context selection only; oracle context-gated lookup remains an upper bound; shared no-context suffix metrics can be misleading when suffix probes bypass first-step context conflict.,experiments/experiment14_latent_context_inference/analysis/exp14_full_20260507_210712/exp14_summary.csv
C13,Exp14,exp14_full_20260507_210712,composition_accuracy_seen_route,symbolic transition-cue selection,baseline_oracle_context_gated_table,,1.0,1.0,1.0,,,Symbolic transition-cue context-selection slice used for Figure 5.,Symbolic transition-cue context selection only; oracle context-gated lookup remains an upper bound; shared no-context suffix metrics can be misleading when suffix probes bypass first-step context conflict.,experiments/experiment14_latent_context_inference/analysis/exp14_full_20260507_210712/exp14_summary.csv
C13,Exp14,exp14_full_20260507_210712,world_selection_accuracy_seen_route,symbolic transition-cue selection,baseline_random_context_selector,,0.0306640625,0.0278169104042141,0.0335112145957858,,,Symbolic transition-cue context-selection slice used for Figure 5.,Symbolic transition-cue context selection only; oracle context-gated lookup remains an upper bound; shared no-context suffix metrics can be misleading when suffix probes bypass first-step context conflict.,experiments/experiment14_latent_context_inference/analysis/exp14_full_20260507_210712/exp14_summary.csv
C13,Exp14,exp14_full_20260507_210712,composition_accuracy_seen_route,symbolic transition-cue selection,baseline_random_context_selector,,0.0306640625,0.0278169104042141,0.0335112145957858,,,Symbolic transition-cue context-selection slice used for Figure 5.,Symbolic transition-cue context selection only; oracle context-gated lookup remains an upper bound; shared no-context suffix metrics can be misleading when suffix probes bypass first-step context conflict.,experiments/experiment14_latent_context_inference/analysis/exp14_full_20260507_210712/exp14_summary.csv
C13,Exp14,exp14_full_20260507_210712,world_selection_accuracy_seen_route,symbolic transition-cue selection,baseline_random_context_selector,,0.0306640625,0.0278169104042141,0.0335112145957858,,,Symbolic transition-cue context-selection slice used for Figure 5.,Symbolic transition-cue context selection only; oracle context-gated lookup remains an upper bound; shared no-context suffix metrics can be misleading when suffix probes bypass first-step context conflict.,experiments/experiment14_latent_context_inference/analysis/exp14_full_20260507_210712/exp14_summary.csv
C13,Exp14,exp14_full_20260507_210712,composition_accuracy_seen_route,symbolic transition-cue selection,baseline_random_context_selector,,0.0306640625,0.0278169104042141,0.0335112145957858,,,Symbolic transition-cue context-selection slice used for Figure 5.,Symbolic transition-cue context selection only; oracle context-gated lookup remains an upper bound; shared no-context suffix metrics can be misleading when suffix probes bypass first-step context conflict.,experiments/experiment14_latent_context_inference/analysis/exp14_full_20260507_210712/exp14_summary.csv
C13,Exp14,exp14_full_20260507_210712,world_selection_accuracy_seen_route,symbolic transition-cue selection,baseline_random_context_selector,,0.0306640625,0.0278169104042141,0.0335112145957858,,,Symbolic transition-cue context-selection slice used for Figure 5.,Symbolic transition-cue context selection only; oracle context-gated lookup remains an upper bound; shared no-context suffix metrics can be misleading when suffix probes bypass first-step context conflict.,experiments/experiment14_latent_context_inference/analysis/exp14_full_20260507_210712/exp14_summary.csv
C13,Exp14,exp14_full_20260507_210712,composition_accuracy_seen_route,symbolic transition-cue selection,baseline_random_context_selector,,0.0306640625,0.0278169104042141,0.0335112145957858,,,Symbolic transition-cue context-selection slice used for Figure 5.,Symbolic transition-cue context selection only; oracle context-gated lookup remains an upper bound; shared no-context suffix metrics can be misleading when suffix probes bypass first-step context conflict.,experiments/experiment14_latent_context_inference/analysis/exp14_full_20260507_210712/exp14_summary.csv
C13,Exp14,exp14_full_20260507_210712,world_selection_accuracy_seen_route,symbolic transition-cue selection,baseline_random_context_selector,,0.0306640625,0.0278169104042141,0.0335112145957858,,,Symbolic transition-cue context-selection slice used for Figure 5.,Symbolic transition-cue context selection only; oracle context-gated lookup remains an upper bound; shared no-context suffix metrics can be misleading when suffix probes bypass first-step context conflict.,experiments/experiment14_latent_context_inference/analysis/exp14_full_20260507_210712/exp14_summary.csv
C13,Exp14,exp14_full_20260507_210712,composition_accuracy_seen_route,symbolic transition-cue selection,baseline_random_context_selector,,0.0306640625,0.0278169104042141,0.0335112145957858,,,Symbolic transition-cue context-selection slice used for Figure 5.,Symbolic transition-cue context selection only; oracle context-gated lookup remains an upper bound; shared no-context suffix metrics can be misleading when suffix probes bypass first-step context conflict.,experiments/experiment14_latent_context_inference/analysis/exp14_full_20260507_210712/exp14_summary.csv
C13,Exp14,exp14_full_20260507_210712,world_selection_accuracy_seen_route,symbolic transition-cue selection,baseline_shared_no_context_table,,0.0,0.0,0.0,,,Symbolic transition-cue context-selection slice used for Figure 5.,Symbolic transition-cue context selection only; oracle context-gated lookup remains an upper bound; shared no-context suffix metrics can be misleading when suffix probes bypass first-step context conflict.,experiments/experiment14_latent_context_inference/analysis/exp14_full_20260507_210712/exp14_summary.csv
C13,Exp14,exp14_full_20260507_210712,composition_accuracy_seen_route,symbolic transition-cue selection,baseline_shared_no_context_table,,0.03125,0.03125,0.03125,,,Symbolic transition-cue context-selection slice used for Figure 5.,Symbolic transition-cue context selection only; oracle context-gated lookup remains an upper bound; shared no-context suffix metrics can be misleading when suffix probes bypass first-step context conflict.,experiments/experiment14_latent_context_inference/analysis/exp14_full_20260507_210712/exp14_summary.csv
C13,Exp14,exp14_full_20260507_210712,world_selection_accuracy_seen_route,symbolic transition-cue selection,baseline_shared_no_context_table,,0.0,0.0,0.0,,,Symbolic transition-cue context-selection slice used for Figure 5.,Symbolic transition-cue context selection only; oracle context-gated lookup remains an upper bound; shared no-context suffix metrics can be misleading when suffix probes bypass first-step context conflict.,experiments/experiment14_latent_context_inference/analysis/exp14_full_20260507_210712/exp14_summary.csv
C13,Exp14,exp14_full_20260507_210712,composition_accuracy_seen_route,symbolic transition-cue selection,baseline_shared_no_context_table,,0.03125,0.03125,0.03125,,,Symbolic transition-cue context-selection slice used for Figure 5.,Symbolic transition-cue context selection only; oracle context-gated lookup remains an upper bound; shared no-context suffix metrics can be misleading when suffix probes bypass first-step context conflict.,experiments/experiment14_latent_context_inference/analysis/exp14_full_20260507_210712/exp14_summary.csv
C13,Exp14,exp14_full_20260507_210712,world_selection_accuracy_seen_route,symbolic transition-cue selection,baseline_shared_no_context_table,,0.0,0.0,0.0,,,Symbolic transition-cue context-selection slice used for Figure 5.,Symbolic transition-cue context selection only; oracle context-gated lookup remains an upper bound; shared no-context suffix metrics can be misleading when suffix probes bypass first-step context conflict.,experiments/experiment14_latent_context_inference/analysis/exp14_full_20260507_210712/exp14_summary.csv
C13,Exp14,exp14_full_20260507_210712,composition_accuracy_seen_route,symbolic transition-cue selection,baseline_shared_no_context_table,,0.03125,0.03125,0.03125,,,Symbolic transition-cue context-selection slice used for Figure 5.,Symbolic transition-cue context selection only; oracle context-gated lookup remains an upper bound; shared no-context suffix metrics can be misleading when suffix probes bypass first-step context conflict.,experiments/experiment14_latent_context_inference/analysis/exp14_full_20260507_210712/exp14_summary.csv
C13,Exp14,exp14_full_20260507_210712,world_selection_accuracy_seen_route,symbolic transition-cue selection,baseline_shared_no_context_table,,0.0,0.0,0.0,,,Symbolic transition-cue context-selection slice used for Figure 5.,Symbolic transition-cue context selection only; oracle context-gated lookup remains an upper bound; shared no-context suffix metrics can be misleading when suffix probes bypass first-step context conflict.,experiments/experiment14_latent_context_inference/analysis/exp14_full_20260507_210712/exp14_summary.csv
C13,Exp14,exp14_full_20260507_210712,composition_accuracy_seen_route,symbolic transition-cue selection,baseline_shared_no_context_table,,0.03125,0.03125,0.03125,,,Symbolic transition-cue context-selection slice used for Figure 5.,Symbolic transition-cue context selection only; oracle context-gated lookup remains an upper bound; shared no-context suffix metrics can be misleading when suffix probes bypass first-step context conflict.,experiments/experiment14_latent_context_inference/analysis/exp14_full_20260507_210712/exp14_summary.csv
C13,Exp14,exp14_full_20260507_210712,world_selection_accuracy_seen_route,symbolic transition-cue selection,exp14_cirm_latent_selector,,1.0,1.0,1.0,,,Symbolic transition-cue context-selection slice used for Figure 5.,Symbolic transition-cue context selection only; oracle context-gated lookup remains an upper bound; shared no-context suffix metrics can be misleading when suffix probes bypass first-step context conflict.,experiments/experiment14_latent_context_inference/analysis/exp14_full_20260507_210712/exp14_summary.csv
C13,Exp14,exp14_full_20260507_210712,composition_accuracy_seen_route,symbolic transition-cue selection,exp14_cirm_latent_selector,,1.0,1.0,1.0,,,Symbolic transition-cue context-selection slice used for Figure 5.,Symbolic transition-cue context selection only; oracle context-gated lookup remains an upper bound; shared no-context suffix metrics can be misleading when suffix probes bypass first-step context conflict.,experiments/experiment14_latent_context_inference/analysis/exp14_full_20260507_210712/exp14_summary.csv
C13,Exp14,exp14_full_20260507_210712,world_selection_accuracy_seen_route,symbolic transition-cue selection,exp14_cirm_latent_selector,,1.0,1.0,1.0,,,Symbolic transition-cue context-selection slice used for Figure 5.,Symbolic transition-cue context selection only; oracle context-gated lookup remains an upper bound; shared no-context suffix metrics can be misleading when suffix probes bypass first-step context conflict.,experiments/experiment14_latent_context_inference/analysis/exp14_full_20260507_210712/exp14_summary.csv
C13,Exp14,exp14_full_20260507_210712,composition_accuracy_seen_route,symbolic transition-cue selection,exp14_cirm_latent_selector,,1.0,1.0,1.0,,,Symbolic transition-cue context-selection slice used for Figure 5.,Symbolic transition-cue context selection only; oracle context-gated lookup remains an upper bound; shared no-context suffix metrics can be misleading when suffix probes bypass first-step context conflict.,experiments/experiment14_latent_context_inference/analysis/exp14_full_20260507_210712/exp14_summary.csv
C13,Exp14,exp14_full_20260507_210712,world_selection_accuracy_seen_route,symbolic transition-cue selection,exp14_cirm_latent_selector,,0.99921875,0.9987150941174872,0.9997224058825128,,,Symbolic transition-cue context-selection slice used for Figure 5.,Symbolic transition-cue context selection only; oracle context-gated lookup remains an upper bound; shared no-context suffix metrics can be misleading when suffix probes bypass first-step context conflict.,experiments/experiment14_latent_context_inference/analysis/exp14_full_20260507_210712/exp14_summary.csv
C13,Exp14,exp14_full_20260507_210712,composition_accuracy_seen_route,symbolic transition-cue selection,exp14_cirm_latent_selector,,0.99921875,0.9987150941174872,0.9997224058825128,,,Symbolic transition-cue context-selection slice used for Figure 5.,Symbolic transition-cue context selection only; oracle context-gated lookup remains an upper bound; shared no-context suffix metrics can be misleading when suffix probes bypass first-step context conflict.,experiments/experiment14_latent_context_inference/analysis/exp14_full_20260507_210712/exp14_summary.csv
C13,Exp14,exp14_full_20260507_210712,world_selection_accuracy_seen_route,symbolic transition-cue selection,exp14_cirm_latent_selector,,0.9416015625,0.9388724406271464,0.9443306843728538,,,Symbolic transition-cue context-selection slice used for Figure 5.,Symbolic transition-cue context selection only; oracle context-gated lookup remains an upper bound; shared no-context suffix metrics can be misleading when suffix probes bypass first-step context conflict.,experiments/experiment14_latent_context_inference/analysis/exp14_full_20260507_210712/exp14_summary.csv
C13,Exp14,exp14_full_20260507_210712,composition_accuracy_seen_route,symbolic transition-cue selection,exp14_cirm_latent_selector,,0.9416015625,0.9388724406271464,0.9443306843728538,,,Symbolic transition-cue context-selection slice used for Figure 5.,Symbolic transition-cue context selection only; oracle context-gated lookup remains an upper bound; shared no-context suffix metrics can be misleading when suffix probes bypass first-step context conflict.,experiments/experiment14_latent_context_inference/analysis/exp14_full_20260507_210712/exp14_summary.csv
C13,Exp14,exp14_full_20260507_210712,world_selection_accuracy_seen_route,symbolic transition-cue selection,baseline_oracle_context_gated_table,,1.0,1.0,1.0,,,Symbolic transition-cue context-selection slice used for Figure 5.,Symbolic transition-cue context selection only; oracle context-gated lookup remains an upper bound; shared no-context suffix metrics can be misleading when suffix probes bypass first-step context conflict.,experiments/experiment14_latent_context_inference/analysis/exp14_full_20260507_210712/exp14_summary.csv
C13,Exp14,exp14_full_20260507_210712,composition_accuracy_seen_route,symbolic transition-cue selection,baseline_oracle_context_gated_table,,1.0,1.0,1.0,,,Symbolic transition-cue context-selection slice used for Figure 5.,Symbolic transition-cue context selection only; oracle context-gated lookup remains an upper bound; shared no-context suffix metrics can be misleading when suffix probes bypass first-step context conflict.,experiments/experiment14_latent_context_inference/analysis/exp14_full_20260507_210712/exp14_summary.csv
C13,Exp14,exp14_full_20260507_210712,world_selection_accuracy_seen_route,symbolic transition-cue selection,baseline_oracle_context_gated_table,,1.0,1.0,1.0,,,Symbolic transition-cue context-selection slice used for Figure 5.,Symbolic transition-cue context selection only; oracle context-gated lookup remains an upper bound; shared no-context suffix metrics can be misleading when suffix probes bypass first-step context conflict.,experiments/experiment14_latent_context_inference/analysis/exp14_full_20260507_210712/exp14_summary.csv
C13,Exp14,exp14_full_20260507_210712,composition_accuracy_seen_route,symbolic transition-cue selection,baseline_oracle_context_gated_table,,1.0,1.0,1.0,,,Symbolic transition-cue context-selection slice used for Figure 5.,Symbolic transition-cue context selection only; oracle context-gated lookup remains an upper bound; shared no-context suffix metrics can be misleading when suffix probes bypass first-step context conflict.,experiments/experiment14_latent_context_inference/analysis/exp14_full_20260507_210712/exp14_summary.csv
C13,Exp14,exp14_full_20260507_210712,world_selection_accuracy_seen_route,symbolic transition-cue selection,baseline_oracle_context_gated_table,,1.0,1.0,1.0,,,Symbolic transition-cue context-selection slice used for Figure 5.,Symbolic transition-cue context selection only; oracle context-gated lookup remains an upper bound; shared no-context suffix metrics can be misleading when suffix probes bypass first-step context conflict.,experiments/experiment14_latent_context_inference/analysis/exp14_full_20260507_210712/exp14_summary.csv
C13,Exp14,exp14_full_20260507_210712,composition_accuracy_seen_route,symbolic transition-cue selection,baseline_oracle_context_gated_table,,1.0,1.0,1.0,,,Symbolic transition-cue context-selection slice used for Figure 5.,Symbolic transition-cue context selection only; oracle context-gated lookup remains an upper bound; shared no-context suffix metrics can be misleading when suffix probes bypass first-step context conflict.,experiments/experiment14_latent_context_inference/analysis/exp14_full_20260507_210712/exp14_summary.csv
C13,Exp14,exp14_full_20260507_210712,world_selection_accuracy_seen_route,symbolic transition-cue selection,baseline_oracle_context_gated_table,,1.0,1.0,1.0,,,Symbolic transition-cue context-selection slice used for Figure 5.,Symbolic transition-cue context selection only; oracle context-gated lookup remains an upper bound; shared no-context suffix metrics can be misleading when suffix probes bypass first-step context conflict.,experiments/experiment14_latent_context_inference/analysis/exp14_full_20260507_210712/exp14_summary.csv
C13,Exp14,exp14_full_20260507_210712,composition_accuracy_seen_route,symbolic transition-cue selection,baseline_oracle_context_gated_table,,1.0,1.0,1.0,,,Symbolic transition-cue context-selection slice used for Figure 5.,Symbolic transition-cue context selection only; oracle context-gated lookup remains an upper bound; shared no-context suffix metrics can be misleading when suffix probes bypass first-step context conflict.,experiments/experiment14_latent_context_inference/analysis/exp14_full_20260507_210712/exp14_summary.csv
C13,Exp14,exp14_full_20260507_210712,world_selection_accuracy_seen_route,symbolic transition-cue selection,baseline_random_context_selector,,0.0297526041666666,0.0278171697551294,0.0316880385782038,,,Symbolic transition-cue context-selection slice used for Figure 5.,Symbolic transition-cue context selection only; oracle context-gated lookup remains an upper bound; shared no-context suffix metrics can be misleading when suffix probes bypass first-step context conflict.,experiments/experiment14_latent_context_inference/analysis/exp14_full_20260507_210712/exp14_summary.csv
C13,Exp14,exp14_full_20260507_210712,composition_accuracy_seen_route,symbolic transition-cue selection,baseline_random_context_selector,,0.0297526041666666,0.0278171697551294,0.0316880385782038,,,Symbolic transition-cue context-selection slice used for Figure 5.,Symbolic transition-cue context selection only; oracle context-gated lookup remains an upper bound; shared no-context suffix metrics can be misleading when suffix probes bypass first-step context conflict.,experiments/experiment14_latent_context_inference/analysis/exp14_full_20260507_210712/exp14_summary.csv
C13,Exp14,exp14_full_20260507_210712,world_selection_accuracy_seen_route,symbolic transition-cue selection,baseline_random_context_selector,,0.0305989583333333,0.0275935162683249,0.0336044003983417,,,Symbolic transition-cue context-selection slice used for Figure 5.,Symbolic transition-cue context selection only; oracle context-gated lookup remains an upper bound; shared no-context suffix metrics can be misleading when suffix probes bypass first-step context conflict.,experiments/experiment14_latent_context_inference/analysis/exp14_full_20260507_210712/exp14_summary.csv
C13,Exp14,exp14_full_20260507_210712,composition_accuracy_seen_route,symbolic transition-cue selection,baseline_random_context_selector,,0.0305989583333333,0.0275935162683249,0.0336044003983417,,,Symbolic transition-cue context-selection slice used for Figure 5.,Symbolic transition-cue context selection only; oracle context-gated lookup remains an upper bound; shared no-context suffix metrics can be misleading when suffix probes bypass first-step context conflict.,experiments/experiment14_latent_context_inference/analysis/exp14_full_20260507_210712/exp14_summary.csv
C13,Exp14,exp14_full_20260507_210712,world_selection_accuracy_seen_route,symbolic transition-cue selection,baseline_random_context_selector,,0.0335286458333333,0.0305554557791959,0.0365018358874707,,,Symbolic transition-cue context-selection slice used for Figure 5.,Symbolic transition-cue context selection only; oracle context-gated lookup remains an upper bound; shared no-context suffix metrics can be misleading when suffix probes bypass first-step context conflict.,experiments/experiment14_latent_context_inference/analysis/exp14_full_20260507_210712/exp14_summary.csv
C13,Exp14,exp14_full_20260507_210712,composition_accuracy_seen_route,symbolic transition-cue selection,baseline_random_context_selector,,0.0335286458333333,0.0305554557791959,0.0365018358874707,,,Symbolic transition-cue context-selection slice used for Figure 5.,Symbolic transition-cue context selection only; oracle context-gated lookup remains an upper bound; shared no-context suffix metrics can be misleading when suffix probes bypass first-step context conflict.,experiments/experiment14_latent_context_inference/analysis/exp14_full_20260507_210712/exp14_summary.csv
C13,Exp14,exp14_full_20260507_210712,world_selection_accuracy_seen_route,symbolic transition-cue selection,baseline_random_context_selector,,0.0306640625,0.0278169104042141,0.0335112145957858,,,Symbolic transition-cue context-selection slice used for Figure 5.,Symbolic transition-cue context selection only; oracle context-gated lookup remains an upper bound; shared no-context suffix metrics can be misleading when suffix probes bypass first-step context conflict.,experiments/experiment14_latent_context_inference/analysis/exp14_full_20260507_210712/exp14_summary.csv
C13,Exp14,exp14_full_20260507_210712,composition_accuracy_seen_route,symbolic transition-cue selection,baseline_random_context_selector,,0.0306640625,0.0278169104042141,0.0335112145957858,,,Symbolic transition-cue context-selection slice used for Figure 5.,Symbolic transition-cue context selection only; oracle context-gated lookup remains an upper bound; shared no-context suffix metrics can be misleading when suffix probes bypass first-step context conflict.,experiments/experiment14_latent_context_inference/analysis/exp14_full_20260507_210712/exp14_summary.csv
C13,Exp14,exp14_full_20260507_210712,world_selection_accuracy_seen_route,symbolic transition-cue selection,exp14_cirm_latent_selector,,0.7473307291666667,0.739684615856931,0.7549768424764023,,,Symbolic transition-cue context-selection slice used for Figure 5.,Symbolic transition-cue context selection only; oracle context-gated lookup remains an upper bound; shared no-context suffix metrics can be misleading when suffix probes bypass first-step context conflict.,experiments/experiment14_latent_context_inference/analysis/exp14_full_20260507_210712/exp14_summary.csv
C13,Exp14,exp14_full_20260507_210712,composition_accuracy_seen_route,symbolic transition-cue selection,exp14_cirm_latent_selector,,0.7473307291666667,0.739684615856931,0.7549768424764023,,,Symbolic transition-cue context-selection slice used for Figure 5.,Symbolic transition-cue context selection only; oracle context-gated lookup remains an upper bound; shared no-context suffix metrics can be misleading when suffix probes bypass first-step context conflict.,experiments/experiment14_latent_context_inference/analysis/exp14_full_20260507_210712/exp14_summary.csv
C13,Exp14,exp14_full_20260507_210712,world_selection_accuracy_seen_route,symbolic transition-cue selection,exp14_cirm_latent_selector,,0.7513020833333333,0.7438661543304347,0.7587380123362318,,,Symbolic transition-cue context-selection slice used for Figure 5.,Symbolic transition-cue context selection only; oracle context-gated lookup remains an upper bound; shared no-context suffix metrics can be misleading when suffix probes bypass first-step context conflict.,experiments/experiment14_latent_context_inference/analysis/exp14_full_20260507_210712/exp14_summary.csv
C13,Exp14,exp14_full_20260507_210712,composition_accuracy_seen_route,symbolic transition-cue selection,exp14_cirm_latent_selector,,0.7513020833333333,0.7438661543304347,0.7587380123362318,,,Symbolic transition-cue context-selection slice used for Figure 5.,Symbolic transition-cue context selection only; oracle context-gated lookup remains an upper bound; shared no-context suffix metrics can be misleading when suffix probes bypass first-step context conflict.,experiments/experiment14_latent_context_inference/analysis/exp14_full_20260507_210712/exp14_summary.csv
C13,Exp14,exp14_full_20260507_210712,world_selection_accuracy_seen_route,symbolic transition-cue selection,exp14_cirm_latent_selector,,0.9564453125,0.9524464889828784,0.9604441360171216,,,Symbolic transition-cue context-selection slice used for Figure 5.,Symbolic transition-cue context selection only; oracle context-gated lookup remains an upper bound; shared no-context suffix metrics can be misleading when suffix probes bypass first-step context conflict.,experiments/experiment14_latent_context_inference/analysis/exp14_full_20260507_210712/exp14_summary.csv
C13,Exp14,exp14_full_20260507_210712,composition_accuracy_seen_route,symbolic transition-cue selection,exp14_cirm_latent_selector,,0.9564453125,0.9524464889828784,0.9604441360171216,,,Symbolic transition-cue context-selection slice used for Figure 5.,Symbolic transition-cue context selection only; oracle context-gated lookup remains an upper bound; shared no-context suffix metrics can be misleading when suffix probes bypass first-step context conflict.,experiments/experiment14_latent_context_inference/analysis/exp14_full_20260507_210712/exp14_summary.csv
C13,Exp14,exp14_full_20260507_210712,world_selection_accuracy_seen_route,symbolic transition-cue selection,exp14_cirm_latent_selector,,0.99921875,0.9987150941174872,0.9997224058825128,,,Symbolic transition-cue context-selection slice used for Figure 5.,Symbolic transition-cue context selection only; oracle context-gated lookup remains an upper bound; shared no-context suffix metrics can be misleading when suffix probes bypass first-step context conflict.,experiments/experiment14_latent_context_inference/analysis/exp14_full_20260507_210712/exp14_summary.csv
C13,Exp14,exp14_full_20260507_210712,composition_accuracy_seen_route,symbolic transition-cue selection,exp14_cirm_latent_selector,,0.99921875,0.9987150941174872,0.9997224058825128,,,Symbolic transition-cue context-selection slice used for Figure 5.,Symbolic transition-cue context selection only; oracle context-gated lookup remains an upper bound; shared no-context suffix metrics can be misleading when suffix probes bypass first-step context conflict.,experiments/experiment14_latent_context_inference/analysis/exp14_full_20260507_210712/exp14_summary.csv
"C2-C4,C12",Exp13.2,exp13_2_full_20260507_165813,route_table_accuracy_all,hard clean supplied-context baseline slice,baseline_context_gated_transition_table,,1.0,1.0,1.0,,,Symbolic baseline hard-slice table source; not plotted as a freeze-required main figure.,Exp13.2 is a symbolic/algorithmic baseline suite. Oracle context-gated lookup matches CIRM under clean supplied context; do not claim broad neural superiority.,experiments/experiment13_2_baseline_suite/analysis/exp13_2_full_20260507_165813/exp13_2_summary.csv
"C2-C4,C12",Exp13.2,exp13_2_full_20260507_165813,composition_accuracy_seen_routes,hard clean supplied-context baseline slice,baseline_context_gated_transition_table,,1.0,1.0,1.0,,,Symbolic baseline hard-slice table source; not plotted as a freeze-required main figure.,Exp13.2 is a symbolic/algorithmic baseline suite. Oracle context-gated lookup matches CIRM under clean supplied context; do not claim broad neural superiority.,experiments/experiment13_2_baseline_suite/analysis/exp13_2_full_20260507_165813/exp13_2_summary.csv
"C2-C4,C12",Exp13.2,exp13_2_full_20260507_165813,composition_accuracy_suffix_routes,hard clean supplied-context baseline slice,baseline_context_gated_transition_table,,1.0,1.0,1.0,,,Symbolic baseline hard-slice table source; not plotted as a freeze-required main figure.,Exp13.2 is a symbolic/algorithmic baseline suite. Oracle context-gated lookup matches CIRM under clean supplied context; do not claim broad neural superiority.,experiments/experiment13_2_baseline_suite/analysis/exp13_2_full_20260507_165813/exp13_2_summary.csv
"C2-C4,C12",Exp13.2,exp13_2_full_20260507_165813,first_step_context_accuracy,hard clean supplied-context baseline slice,baseline_context_gated_transition_table,,1.0,1.0,1.0,,,Symbolic baseline hard-slice table source; not plotted as a freeze-required main figure.,Exp13.2 is a symbolic/algorithmic baseline suite. Oracle context-gated lookup matches CIRM under clean supplied context; do not claim broad neural superiority.,experiments/experiment13_2_baseline_suite/analysis/exp13_2_full_20260507_165813/exp13_2_summary.csv
"C2-C4,C12",Exp13.2,exp13_2_full_20260507_165813,route_table_accuracy_all,hard clean supplied-context baseline slice,baseline_route_endpoint_memorizer,,0.0,0.0,0.0,,,Symbolic baseline hard-slice table source; not plotted as a freeze-required main figure.,Exp13.2 is a symbolic/algorithmic baseline suite. Oracle context-gated lookup matches CIRM under clean supplied context; do not claim broad neural superiority.,experiments/experiment13_2_baseline_suite/analysis/exp13_2_full_20260507_165813/exp13_2_summary.csv
"C2-C4,C12",Exp13.2,exp13_2_full_20260507_165813,composition_accuracy_seen_routes,hard clean supplied-context baseline slice,baseline_route_endpoint_memorizer,,1.0,1.0,1.0,,,Symbolic baseline hard-slice table source; not plotted as a freeze-required main figure.,Exp13.2 is a symbolic/algorithmic baseline suite. Oracle context-gated lookup matches CIRM under clean supplied context; do not claim broad neural superiority.,experiments/experiment13_2_baseline_suite/analysis/exp13_2_full_20260507_165813/exp13_2_summary.csv
"C2-C4,C12",Exp13.2,exp13_2_full_20260507_165813,composition_accuracy_suffix_routes,hard clean supplied-context baseline slice,baseline_route_endpoint_memorizer,,0.0,0.0,0.0,,,Symbolic baseline hard-slice table source; not plotted as a freeze-required main figure.,Exp13.2 is a symbolic/algorithmic baseline suite. Oracle context-gated lookup matches CIRM under clean supplied context; do not claim broad neural superiority.,experiments/experiment13_2_baseline_suite/analysis/exp13_2_full_20260507_165813/exp13_2_summary.csv
"C2-C4,C12",Exp13.2,exp13_2_full_20260507_165813,first_step_context_accuracy,hard clean supplied-context baseline slice,baseline_route_endpoint_memorizer,,0.0,0.0,0.0,,,Symbolic baseline hard-slice table source; not plotted as a freeze-required main figure.,Exp13.2 is a symbolic/algorithmic baseline suite. Oracle context-gated lookup matches CIRM under clean supplied context; do not claim broad neural superiority.,experiments/experiment13_2_baseline_suite/analysis/exp13_2_full_20260507_165813/exp13_2_summary.csv
"C2-C4,C12",Exp13.2,exp13_2_full_20260507_165813,route_table_accuracy_all,hard clean supplied-context baseline slice,baseline_shared_transition_table,,0.939453125,0.939453125,0.939453125,,,Symbolic baseline hard-slice table source; not plotted as a freeze-required main figure.,Exp13.2 is a symbolic/algorithmic baseline suite. Oracle context-gated lookup matches CIRM under clean supplied context; do not claim broad neural superiority.,experiments/experiment13_2_baseline_suite/analysis/exp13_2_full_20260507_165813/exp13_2_summary.csv
"C2-C4,C12",Exp13.2,exp13_2_full_20260507_165813,composition_accuracy_seen_routes,hard clean supplied-context baseline slice,baseline_shared_transition_table,,0.03125,0.03125,0.03125,,,Symbolic baseline hard-slice table source; not plotted as a freeze-required main figure.,Exp13.2 is a symbolic/algorithmic baseline suite. Oracle context-gated lookup matches CIRM under clean supplied context; do not claim broad neural superiority.,experiments/experiment13_2_baseline_suite/analysis/exp13_2_full_20260507_165813/exp13_2_summary.csv
"C2-C4,C12",Exp13.2,exp13_2_full_20260507_165813,composition_accuracy_suffix_routes,hard clean supplied-context baseline slice,baseline_shared_transition_table,,1.0,1.0,1.0,,,Symbolic baseline hard-slice table source; not plotted as a freeze-required main figure.,Exp13.2 is a symbolic/algorithmic baseline suite. Oracle context-gated lookup matches CIRM under clean supplied context; do not claim broad neural superiority.,experiments/experiment13_2_baseline_suite/analysis/exp13_2_full_20260507_165813/exp13_2_summary.csv
"C2-C4,C12",Exp13.2,exp13_2_full_20260507_165813,first_step_context_accuracy,hard clean supplied-context baseline slice,baseline_shared_transition_table,,0.03125,0.03125,0.03125,,,Symbolic baseline hard-slice table source; not plotted as a freeze-required main figure.,Exp13.2 is a symbolic/algorithmic baseline suite. Oracle context-gated lookup matches CIRM under clean supplied context; do not claim broad neural superiority.,experiments/experiment13_2_baseline_suite/analysis/exp13_2_full_20260507_165813/exp13_2_summary.csv
"C2-C4,C12",Exp13.2,exp13_2_full_20260507_165813,route_table_accuracy_all,hard clean supplied-context baseline slice,exp13_2_cirm_full,,1.0,1.0,1.0,,,Symbolic baseline hard-slice table source; not plotted as a freeze-required main figure.,Exp13.2 is a symbolic/algorithmic baseline suite. Oracle context-gated lookup matches CIRM under clean supplied context; do not claim broad neural superiority.,experiments/experiment13_2_baseline_suite/analysis/exp13_2_full_20260507_165813/exp13_2_summary.csv
"C2-C4,C12",Exp13.2,exp13_2_full_20260507_165813,composition_accuracy_seen_routes,hard clean supplied-context baseline slice,exp13_2_cirm_full,,1.0,1.0,1.0,,,Symbolic baseline hard-slice table source; not plotted as a freeze-required main figure.,Exp13.2 is a symbolic/algorithmic baseline suite. Oracle context-gated lookup matches CIRM under clean supplied context; do not claim broad neural superiority.,experiments/experiment13_2_baseline_suite/analysis/exp13_2_full_20260507_165813/exp13_2_summary.csv
"C2-C4,C12",Exp13.2,exp13_2_full_20260507_165813,composition_accuracy_suffix_routes,hard clean supplied-context baseline slice,exp13_2_cirm_full,,1.0,1.0,1.0,,,Symbolic baseline hard-slice table source; not plotted as a freeze-required main figure.,Exp13.2 is a symbolic/algorithmic baseline suite. Oracle context-gated lookup matches CIRM under clean supplied context; do not claim broad neural superiority.,experiments/experiment13_2_baseline_suite/analysis/exp13_2_full_20260507_165813/exp13_2_summary.csv
"C2-C4,C12",Exp13.2,exp13_2_full_20260507_165813,first_step_context_accuracy,hard clean supplied-context baseline slice,exp13_2_cirm_full,,1.0,1.0,1.0,,,Symbolic baseline hard-slice table source; not plotted as a freeze-required main figure.,Exp13.2 is a symbolic/algorithmic baseline suite. Oracle context-gated lookup matches CIRM under clean supplied context; do not claim broad neural superiority.,experiments/experiment13_2_baseline_suite/analysis/exp13_2_full_20260507_165813/exp13_2_summary.csv
"C2-C4,C12",Exp13.2,exp13_2_full_20260507_165813,route_table_accuracy_all,hard clean supplied-context baseline slice,exp13_2_cirm_no_recurrence_at_eval,,1.0,1.0,1.0,,,Symbolic baseline hard-slice table source; not plotted as a freeze-required main figure.,Exp13.2 is a symbolic/algorithmic baseline suite. Oracle context-gated lookup matches CIRM under clean supplied context; do not claim broad neural superiority.,experiments/experiment13_2_baseline_suite/analysis/exp13_2_full_20260507_165813/exp13_2_summary.csv
"C2-C4,C12",Exp13.2,exp13_2_full_20260507_165813,composition_accuracy_seen_routes,hard clean supplied-context baseline slice,exp13_2_cirm_no_recurrence_at_eval,,0.0,0.0,0.0,,,Symbolic baseline hard-slice table source; not plotted as a freeze-required main figure.,Exp13.2 is a symbolic/algorithmic baseline suite. Oracle context-gated lookup matches CIRM under clean supplied context; do not claim broad neural superiority.,experiments/experiment13_2_baseline_suite/analysis/exp13_2_full_20260507_165813/exp13_2_summary.csv
"C2-C4,C12",Exp13.2,exp13_2_full_20260507_165813,composition_accuracy_suffix_routes,hard clean supplied-context baseline slice,exp13_2_cirm_no_recurrence_at_eval,,0.0,0.0,0.0,,,Symbolic baseline hard-slice table source; not plotted as a freeze-required main figure.,Exp13.2 is a symbolic/algorithmic baseline suite. Oracle context-gated lookup matches CIRM under clean supplied context; do not claim broad neural superiority.,experiments/experiment13_2_baseline_suite/analysis/exp13_2_full_20260507_165813/exp13_2_summary.csv
"C2-C4,C12",Exp13.2,exp13_2_full_20260507_165813,first_step_context_accuracy,hard clean supplied-context baseline slice,exp13_2_cirm_no_recurrence_at_eval,,1.0,1.0,1.0,,,Symbolic baseline hard-slice table source; not plotted as a freeze-required main figure.,Exp13.2 is a symbolic/algorithmic baseline suite. Oracle context-gated lookup matches CIRM under clean supplied context; do not claim broad neural superiority.,experiments/experiment13_2_baseline_suite/analysis/exp13_2_full_20260507_165813/exp13_2_summary.csv
"C2-C4,C12",Exp13.2,exp13_2_full_20260507_165813,route_table_accuracy_all,hard clean supplied-context baseline slice,exp13_2_cirm_no_structural_plasticity,,0.0,0.0,0.0,,,Symbolic baseline hard-slice table source; not plotted as a freeze-required main figure.,Exp13.2 is a symbolic/algorithmic baseline suite. Oracle context-gated lookup matches CIRM under clean supplied context; do not claim broad neural superiority.,experiments/experiment13_2_baseline_suite/analysis/exp13_2_full_20260507_165813/exp13_2_summary.csv
"C2-C4,C12",Exp13.2,exp13_2_full_20260507_165813,composition_accuracy_seen_routes,hard clean supplied-context baseline slice,exp13_2_cirm_no_structural_plasticity,,0.0,0.0,0.0,,,Symbolic baseline hard-slice table source; not plotted as a freeze-required main figure.,Exp13.2 is a symbolic/algorithmic baseline suite. Oracle context-gated lookup matches CIRM under clean supplied context; do not claim broad neural superiority.,experiments/experiment13_2_baseline_suite/analysis/exp13_2_full_20260507_165813/exp13_2_summary.csv
"C2-C4,C12",Exp13.2,exp13_2_full_20260507_165813,composition_accuracy_suffix_routes,hard clean supplied-context baseline slice,exp13_2_cirm_no_structural_plasticity,,0.0,0.0,0.0,,,Symbolic baseline hard-slice table source; not plotted as a freeze-required main figure.,Exp13.2 is a symbolic/algorithmic baseline suite. Oracle context-gated lookup matches CIRM under clean supplied context; do not claim broad neural superiority.,experiments/experiment13_2_baseline_suite/analysis/exp13_2_full_20260507_165813/exp13_2_summary.csv
"C2-C4,C12",Exp13.2,exp13_2_full_20260507_165813,first_step_context_accuracy,hard clean supplied-context baseline slice,exp13_2_cirm_no_structural_plasticity,,0.0,0.0,0.0,,,Symbolic baseline hard-slice table source; not plotted as a freeze-required main figure.,Exp13.2 is a symbolic/algorithmic baseline suite. Oracle context-gated lookup matches CIRM under clean supplied context; do not claim broad neural superiority.,experiments/experiment13_2_baseline_suite/analysis/exp13_2_full_20260507_165813/exp13_2_summary.csv
"C2-C4,C12",Exp13.2,exp13_2_full_20260507_165813,composition_accuracy_seen_routes,hard clean supplied-context effect-size artifact,exp13_2_cirm_full,baseline_context_gated_transition_table,0.0,,,0.0,20,CIRM-minus-comparison effect-size artifact; grouping still needs human review before citation.,Oracle context-gated lookup may match CIRM; effect sizes can be zero or undefined under ceiling.,experiments/experiment13_2_baseline_suite/analysis/exp13_2_full_20260507_165813/exp13_2_effect_sizes.csv
"C2-C4,C12",Exp13.2,exp13_2_full_20260507_165813,composition_accuracy_suffix_routes,hard clean supplied-context effect-size artifact,exp13_2_cirm_full,baseline_context_gated_transition_table,0.0,,,0.0,20,CIRM-minus-comparison effect-size artifact; grouping still needs human review before citation.,Oracle context-gated lookup may match CIRM; effect sizes can be zero or undefined under ceiling.,experiments/experiment13_2_baseline_suite/analysis/exp13_2_full_20260507_165813/exp13_2_effect_sizes.csv
"C2-C4,C12",Exp13.2,exp13_2_full_20260507_165813,first_step_context_accuracy,hard clean supplied-context effect-size artifact,exp13_2_cirm_full,baseline_context_gated_transition_table,0.0,,,0.0,20,CIRM-minus-comparison effect-size artifact; grouping still needs human review before citation.,Oracle context-gated lookup may match CIRM; effect sizes can be zero or undefined under ceiling.,experiments/experiment13_2_baseline_suite/analysis/exp13_2_full_20260507_165813/exp13_2_effect_sizes.csv
"C2-C4,C12",Exp13.2,exp13_2_full_20260507_165813,composition_accuracy_seen_routes,hard clean supplied-context effect-size artifact,exp13_2_cirm_full,baseline_route_endpoint_memorizer,0.0,,,0.0,20,CIRM-minus-comparison effect-size artifact; grouping still needs human review before citation.,Oracle context-gated lookup may match CIRM; effect sizes can be zero or undefined under ceiling.,experiments/experiment13_2_baseline_suite/analysis/exp13_2_full_20260507_165813/exp13_2_effect_sizes.csv
"C2-C4,C12",Exp13.2,exp13_2_full_20260507_165813,composition_accuracy_suffix_routes,hard clean supplied-context effect-size artifact,exp13_2_cirm_full,baseline_route_endpoint_memorizer,1.0,,,inf,20,CIRM-minus-comparison effect-size artifact; grouping still needs human review before citation.,Oracle context-gated lookup may match CIRM; effect sizes can be zero or undefined under ceiling.,experiments/experiment13_2_baseline_suite/analysis/exp13_2_full_20260507_165813/exp13_2_effect_sizes.csv
"C2-C4,C12",Exp13.2,exp13_2_full_20260507_165813,first_step_context_accuracy,hard clean supplied-context effect-size artifact,exp13_2_cirm_full,baseline_route_endpoint_memorizer,1.0,,,inf,20,CIRM-minus-comparison effect-size artifact; grouping still needs human review before citation.,Oracle context-gated lookup may match CIRM; effect sizes can be zero or undefined under ceiling.,experiments/experiment13_2_baseline_suite/analysis/exp13_2_full_20260507_165813/exp13_2_effect_sizes.csv
"C2-C4,C12",Exp13.2,exp13_2_full_20260507_165813,composition_accuracy_seen_routes,hard clean supplied-context effect-size artifact,exp13_2_cirm_full,baseline_shared_transition_table,0.96875,,,inf,20,CIRM-minus-comparison effect-size artifact; grouping still needs human review before citation.,Oracle context-gated lookup may match CIRM; effect sizes can be zero or undefined under ceiling.,experiments/experiment13_2_baseline_suite/analysis/exp13_2_full_20260507_165813/exp13_2_effect_sizes.csv
"C2-C4,C12",Exp13.2,exp13_2_full_20260507_165813,composition_accuracy_suffix_routes,hard clean supplied-context effect-size artifact,exp13_2_cirm_full,baseline_shared_transition_table,0.0,,,0.0,20,CIRM-minus-comparison effect-size artifact; grouping still needs human review before citation.,Oracle context-gated lookup may match CIRM; effect sizes can be zero or undefined under ceiling.,experiments/experiment13_2_baseline_suite/analysis/exp13_2_full_20260507_165813/exp13_2_effect_sizes.csv
"C2-C4,C12",Exp13.2,exp13_2_full_20260507_165813,first_step_context_accuracy,hard clean supplied-context effect-size artifact,exp13_2_cirm_full,baseline_shared_transition_table,0.96875,,,inf,20,CIRM-minus-comparison effect-size artifact; grouping still needs human review before citation.,Oracle context-gated lookup may match CIRM; effect sizes can be zero or undefined under ceiling.,experiments/experiment13_2_baseline_suite/analysis/exp13_2_full_20260507_165813/exp13_2_effect_sizes.csv
C13,Exp14,exp14_full_20260507_210712,composition_accuracy_seen_route,hard slice cue_count=8 corruption=0.0,exp14_cirm_latent_selector,baseline_oracle_context_gated_table,0.0,,,0.0,20,CIRM-minus-comparison effect-size artifact for symbolic cue-selection controls.,Oracle remains an upper bound; positive differences against selector controls do not imply raw sensory discovery.,experiments/experiment14_latent_context_inference/analysis/exp14_full_20260507_210712/exp14_effect_sizes.csv
C13,Exp14,exp14_full_20260507_210712,world_selection_accuracy_seen_route,hard slice cue_count=8 corruption=0.0,exp14_cirm_latent_selector,baseline_oracle_context_gated_table,0.0,,,0.0,20,CIRM-minus-comparison effect-size artifact for symbolic cue-selection controls.,Oracle remains an upper bound; positive differences against selector controls do not imply raw sensory discovery.,experiments/experiment14_latent_context_inference/analysis/exp14_full_20260507_210712/exp14_effect_sizes.csv
C13,Exp14,exp14_full_20260507_210712,composition_accuracy_seen_route,hard slice cue_count=8 corruption=0.0,exp14_cirm_latent_selector,baseline_random_context_selector,0.9693359375,,,211.01810452584016,20,CIRM-minus-comparison effect-size artifact for symbolic cue-selection controls.,Oracle remains an upper bound; positive differences against selector controls do not imply raw sensory discovery.,experiments/experiment14_latent_context_inference/analysis/exp14_full_20260507_210712/exp14_effect_sizes.csv
C13,Exp14,exp14_full_20260507_210712,world_selection_accuracy_seen_route,hard slice cue_count=8 corruption=0.0,exp14_cirm_latent_selector,baseline_random_context_selector,0.9693359375,,,211.01810452584016,20,CIRM-minus-comparison effect-size artifact for symbolic cue-selection controls.,Oracle remains an upper bound; positive differences against selector controls do not imply raw sensory discovery.,experiments/experiment14_latent_context_inference/analysis/exp14_full_20260507_210712/exp14_effect_sizes.csv
C13,Exp14,exp14_full_20260507_210712,composition_accuracy_seen_route,hard slice cue_count=8 corruption=0.0,exp14_cirm_latent_selector,baseline_shared_no_context_table,0.96875,,,inf,20,CIRM-minus-comparison effect-size artifact for symbolic cue-selection controls.,Oracle remains an upper bound; positive differences against selector controls do not imply raw sensory discovery.,experiments/experiment14_latent_context_inference/analysis/exp14_full_20260507_210712/exp14_effect_sizes.csv
C13,Exp14,exp14_full_20260507_210712,world_selection_accuracy_seen_route,hard slice cue_count=8 corruption=0.0,exp14_cirm_latent_selector,baseline_shared_no_context_table,1.0,,,inf,20,CIRM-minus-comparison effect-size artifact for symbolic cue-selection controls.,Oracle remains an upper bound; positive differences against selector controls do not imply raw sensory discovery.,experiments/experiment14_latent_context_inference/analysis/exp14_full_20260507_210712/exp14_effect_sizes.csv
C13,Exp14,exp14_full_20260507_210712,composition_accuracy_seen_route,hard slice cue_count=8 corruption=0.5,exp14_cirm_latent_selector,baseline_oracle_context_gated_table,-0.0583984374999999,,,-13.26277397937137,20,CIRM-minus-comparison effect-size artifact for symbolic cue-selection controls.,Oracle remains an upper bound; positive differences against selector controls do not imply raw sensory discovery.,experiments/experiment14_latent_context_inference/analysis/exp14_full_20260507_210712/exp14_effect_sizes.csv
C13,Exp14,exp14_full_20260507_210712,world_selection_accuracy_seen_route,hard slice cue_count=8 corruption=0.5,exp14_cirm_latent_selector,baseline_oracle_context_gated_table,-0.0583984374999999,,,-13.26277397937137,20,CIRM-minus-comparison effect-size artifact for symbolic cue-selection controls.,Oracle remains an upper bound; positive differences against selector controls do not imply raw sensory discovery.,experiments/experiment14_latent_context_inference/analysis/exp14_full_20260507_210712/exp14_effect_sizes.csv
C13,Exp14,exp14_full_20260507_210712,composition_accuracy_seen_route,hard slice cue_count=8 corruption=0.5,exp14_cirm_latent_selector,baseline_random_context_selector,0.9109375,,,143.15887677681735,20,CIRM-minus-comparison effect-size artifact for symbolic cue-selection controls.,Oracle remains an upper bound; positive differences against selector controls do not imply raw sensory discovery.,experiments/experiment14_latent_context_inference/analysis/exp14_full_20260507_210712/exp14_effect_sizes.csv
C13,Exp14,exp14_full_20260507_210712,world_selection_accuracy_seen_route,hard slice cue_count=8 corruption=0.5,exp14_cirm_latent_selector,baseline_random_context_selector,0.9109375,,,143.15887677681735,20,CIRM-minus-comparison effect-size artifact for symbolic cue-selection controls.,Oracle remains an upper bound; positive differences against selector controls do not imply raw sensory discovery.,experiments/experiment14_latent_context_inference/analysis/exp14_full_20260507_210712/exp14_effect_sizes.csv
C13,Exp14,exp14_full_20260507_210712,composition_accuracy_seen_route,hard slice cue_count=8 corruption=0.5,exp14_cirm_latent_selector,baseline_shared_no_context_table,0.9103515625,,,206.74845992591972,20,CIRM-minus-comparison effect-size artifact for symbolic cue-selection controls.,Oracle remains an upper bound; positive differences against selector controls do not imply raw sensory discovery.,experiments/experiment14_latent_context_inference/analysis/exp14_full_20260507_210712/exp14_effect_sizes.csv
C13,Exp14,exp14_full_20260507_210712,world_selection_accuracy_seen_route,hard slice cue_count=8 corruption=0.5,exp14_cirm_latent_selector,baseline_shared_no_context_table,0.9416015625,,,213.8455965035098,20,CIRM-minus-comparison effect-size artifact for symbolic cue-selection controls.,Oracle remains an upper bound; positive differences against selector controls do not imply raw sensory discovery.,experiments/experiment14_latent_context_inference/analysis/exp14_full_20260507_210712/exp14_effect_sizes.csv
